               epoch,      train/box_loss,      train/obj_loss,      train/cls_loss,   metrics/precision,      metrics/recall,     metrics/mAP_0.5,metrics/mAP_0.5:0.95,        val/box_loss,        val/obj_loss,        val/cls_loss,               x/lr0,               x/lr1,               x/lr2
                   0,            0.045431,            0.074064,            0.019186,             0.65226,             0.58834,             0.64111,             0.42778,            0.041518,            0.040283,            0.013647,              0.0937,              0.0007,              0.0007
                   1,            0.045466,            0.070225,             0.01896,              0.6784,             0.60731,             0.66967,             0.45448,            0.040719,            0.038963,            0.011992,            0.086493,           0.0014926,           0.0014926
                   2,            0.045159,            0.063115,            0.018617,             0.71276,             0.61693,             0.69608,             0.45779,            0.040403,            0.037744,            0.010919,            0.079277,           0.0022772,           0.0022772
                   3,            0.043025,            0.062549,            0.018126,              0.7422,              0.6303,             0.71776,             0.46921,            0.040413,            0.036903,            0.009865,            0.072054,            0.003054,            0.003054
                   4,            0.043807,            0.061023,             0.01648,             0.79216,             0.65257,             0.74155,             0.48293,            0.041322,            0.036456,           0.0088291,            0.064823,           0.0038228,           0.0038228
                   5,             0.04559,            0.063858,            0.015014,             0.77233,             0.68547,             0.75753,             0.48057,            0.041517,            0.035728,           0.0081043,            0.057584,           0.0045837,           0.0045837
                   6,            0.046624,            0.060727,            0.014352,             0.74318,             0.62557,             0.71863,             0.38179,            0.050152,            0.035048,           0.0074513,            0.050337,           0.0053367,           0.0053367
                   7,              0.0469,            0.062122,            0.014942,             0.73169,             0.67982,             0.74336,             0.45898,            0.044081,            0.033161,           0.0071287,            0.043082,           0.0060817,           0.0060817
                   8,            0.046571,            0.056543,            0.014216,               0.649,              0.6928,             0.72458,             0.44851,             0.04523,            0.032208,           0.0065627,            0.035819,           0.0068188,           0.0068188
                   9,             0.04822,            0.056493,            0.012339,             0.75373,             0.71445,             0.78413,             0.49176,            0.042987,            0.031832,           0.0061855,            0.028548,           0.0075481,           0.0075481
                  10,            0.045585,            0.060054,             0.01289,             0.69919,             0.69911,             0.76941,             0.49253,            0.045523,            0.030971,           0.0060639,            0.021269,           0.0082693,           0.0082693
                  11,             0.04856,            0.050559,            0.013296,             0.76808,             0.68632,             0.77812,             0.50014,            0.044784,            0.031013,           0.0062304,            0.013983,           0.0089827,           0.0089827
                  12,            0.050219,            0.055531,            0.011988,             0.74675,             0.70486,             0.77913,             0.48026,            0.044992,            0.031195,           0.0064526,            0.009406,            0.009406,            0.009406
                  13,            0.046437,            0.052166,            0.011678,             0.79818,             0.69684,             0.79622,              0.5087,             0.04528,            0.030346,           0.0061829,            0.009406,            0.009406,            0.009406
                  14,            0.047172,             0.05242,            0.012241,             0.81416,             0.74345,             0.82125,             0.51334,            0.043427,            0.031297,           0.0061719,           0.0093565,           0.0093565,           0.0093565
                  15,            0.045831,             0.05005,            0.011869,             0.78923,             0.76735,             0.82313,             0.51209,            0.043053,            0.030176,           0.0057321,            0.009307,            0.009307,            0.009307
                  16,            0.046758,            0.057888,            0.011392,             0.83573,             0.77885,             0.86993,             0.52691,            0.042345,            0.028913,           0.0055149,           0.0092575,           0.0092575,           0.0092575
                  17,            0.045823,            0.053125,            0.011492,             0.84705,             0.76874,             0.86275,             0.54599,            0.042072,            0.029612,           0.0058596,            0.009208,            0.009208,            0.009208
                  18,            0.044866,             0.05054,            0.011781,             0.80987,             0.78877,             0.85542,             0.54392,            0.041848,            0.028465,           0.0053425,           0.0091585,           0.0091585,           0.0091585
                  19,            0.045341,            0.049981,            0.010422,              0.8248,             0.79511,             0.86563,             0.55178,            0.040649,            0.027999,           0.0052733,            0.009109,            0.009109,            0.009109
                  20,            0.045226,            0.052123,            0.010178,             0.80706,             0.81763,             0.87174,             0.53874,            0.042088,            0.027922,            0.005228,           0.0090595,           0.0090595,           0.0090595
                  21,            0.044844,            0.049678,            0.010093,              0.8419,             0.81098,             0.88102,             0.56527,             0.04076,            0.027248,           0.0049746,             0.00901,             0.00901,             0.00901
                  22,            0.043814,            0.050991,            0.010481,             0.85859,             0.82291,              0.8832,             0.56862,            0.040377,            0.026977,           0.0047231,           0.0089605,           0.0089605,           0.0089605
                  23,            0.046115,            0.048892,           0.0096614,             0.82398,              0.8425,             0.88476,             0.58979,            0.038029,            0.026097,           0.0045872,            0.008911,            0.008911,            0.008911
                  24,            0.043898,            0.044951,            0.011509,             0.86041,              0.8177,             0.88161,             0.55762,            0.040486,             0.02647,           0.0045152,           0.0088615,           0.0088615,           0.0088615
                  25,            0.045333,            0.045848,           0.0093247,             0.86127,             0.82966,             0.89743,             0.57539,            0.040234,            0.025978,           0.0044349,            0.008812,            0.008812,            0.008812
                  26,            0.044182,            0.049647,           0.0098011,             0.87589,             0.83338,             0.90132,             0.58497,            0.040419,             0.02626,           0.0046439,           0.0087625,           0.0087625,           0.0087625
                  27,            0.044436,            0.043481,            0.009746,             0.85335,             0.83478,             0.89755,             0.58852,            0.038976,            0.026201,            0.004786,            0.008713,            0.008713,            0.008713
                  28,            0.042074,            0.043953,              0.0101,             0.83921,             0.84346,             0.90546,             0.57896,            0.038323,             0.02645,           0.0046391,           0.0086635,           0.0086635,           0.0086635
                  29,            0.042893,            0.049405,           0.0093841,             0.79788,             0.83101,               0.882,             0.55225,            0.039699,              0.0264,           0.0046496,            0.008614,            0.008614,            0.008614
                  30,            0.045437,            0.049111,           0.0090812,             0.83544,             0.82779,             0.89731,             0.57081,            0.039227,            0.025739,           0.0045354,           0.0085645,           0.0085645,           0.0085645
                  31,            0.043867,            0.047747,           0.0094459,             0.87104,              0.8305,             0.89803,             0.60307,            0.037924,            0.025534,           0.0043731,            0.008515,            0.008515,            0.008515
                  32,            0.042571,            0.042566,           0.0091546,             0.88552,             0.82127,             0.90441,             0.59147,            0.038778,            0.025312,           0.0043718,           0.0084655,           0.0084655,           0.0084655
                  33,            0.040677,            0.042358,           0.0085901,             0.87275,             0.84817,             0.90907,             0.61104,            0.037103,            0.025067,           0.0044563,            0.008416,            0.008416,            0.008416
                  34,            0.040874,             0.04573,           0.0086208,             0.87951,              0.8407,             0.90901,             0.61027,            0.035987,            0.025231,           0.0045087,           0.0083665,           0.0083665,           0.0083665
                  35,            0.040446,            0.043377,           0.0089721,             0.79308,             0.81917,              0.8617,             0.57637,            0.038603,            0.025475,           0.0047016,            0.008317,            0.008317,            0.008317
                  36,            0.041014,              0.0462,           0.0084737,             0.78982,             0.85129,             0.88039,             0.60325,            0.037003,            0.024371,           0.0041742,           0.0082675,           0.0082675,           0.0082675
                  37,            0.040011,            0.043778,           0.0085396,             0.79133,             0.85454,             0.88378,             0.61279,            0.036537,            0.023952,           0.0040356,            0.008218,            0.008218,            0.008218
                  38,            0.040462,            0.044063,           0.0086114,             0.83877,               0.855,             0.90673,             0.62935,            0.036084,            0.024216,           0.0039941,           0.0081685,           0.0081685,           0.0081685
                  39,            0.040879,            0.047783,           0.0085521,              0.8497,              0.8455,              0.9003,             0.63275,            0.035537,            0.023592,           0.0039306,            0.008119,            0.008119,            0.008119
                  40,            0.039783,            0.043034,           0.0080234,             0.87325,             0.85004,             0.91732,             0.64303,             0.03495,            0.023561,            0.003971,           0.0080695,           0.0080695,           0.0080695
                  41,            0.040754,            0.042513,           0.0085648,              0.8791,             0.83957,             0.91804,             0.65265,            0.034178,            0.023472,           0.0040559,             0.00802,             0.00802,             0.00802
                  42,            0.037382,            0.040127,           0.0082129,             0.88441,             0.85287,             0.92166,             0.64697,            0.036035,            0.023938,           0.0040379,           0.0079705,           0.0079705,           0.0079705
                  43,            0.040522,            0.040838,           0.0085421,             0.87194,             0.85643,             0.91083,             0.61905,            0.036349,            0.023935,           0.0041301,            0.007921,            0.007921,            0.007921
                  44,            0.040592,            0.041002,           0.0079708,             0.86494,             0.88415,             0.91524,             0.62679,            0.035194,            0.023823,           0.0040724,           0.0078715,           0.0078715,           0.0078715
                  45,            0.040492,            0.043035,           0.0076383,             0.84063,              0.8841,             0.91838,             0.63523,            0.035103,            0.023999,           0.0040681,            0.007822,            0.007822,            0.007822
                  46,            0.038742,            0.041578,           0.0089109,              0.8295,             0.88458,             0.91739,             0.63414,            0.035013,            0.023906,           0.0040014,           0.0077725,           0.0077725,           0.0077725
                  47,            0.039605,            0.042027,           0.0090571,             0.86072,             0.86976,             0.91534,             0.62081,            0.035297,            0.023492,           0.0039121,            0.007723,            0.007723,            0.007723
                  48,            0.040467,            0.042587,           0.0084739,             0.90476,             0.85331,             0.92434,             0.64631,            0.033867,            0.023134,           0.0038882,           0.0076735,           0.0076735,           0.0076735
                  49,            0.040843,            0.043757,           0.0076357,             0.90941,             0.85452,             0.92937,             0.64539,            0.033899,            0.023018,           0.0038735,            0.007624,            0.007624,            0.007624
                  50,            0.039263,            0.042997,           0.0078158,             0.88208,             0.85462,             0.93354,             0.66406,            0.034137,            0.022937,           0.0038275,           0.0075745,           0.0075745,           0.0075745
                  51,            0.037157,            0.038265,           0.0081757,               0.891,             0.86198,             0.92243,             0.64102,            0.033865,            0.022598,           0.0037521,            0.007525,            0.007525,            0.007525
                  52,            0.037467,            0.041983,            0.007565,             0.87735,             0.85795,             0.92835,             0.64656,            0.033987,            0.022678,           0.0037538,           0.0074755,           0.0074755,           0.0074755
                  53,            0.040183,            0.041056,            0.007902,             0.91151,             0.84738,             0.93697,             0.65871,            0.032889,            0.022598,           0.0036964,            0.007426,            0.007426,            0.007426
                  54,            0.039698,            0.038584,           0.0076067,             0.89109,             0.85268,             0.93415,             0.65134,            0.033542,            0.022709,           0.0036936,           0.0073765,           0.0073765,           0.0073765
                  55,             0.03823,             0.04249,           0.0072178,             0.87656,             0.86502,             0.93339,             0.66659,            0.032478,            0.022527,           0.0036449,            0.007327,            0.007327,            0.007327
                  56,            0.037714,            0.040002,           0.0082794,             0.85625,             0.87393,             0.92606,             0.63692,            0.034896,            0.022895,           0.0036294,           0.0072775,           0.0072775,           0.0072775
                  57,            0.038793,            0.042957,           0.0074657,             0.83404,             0.87868,             0.91805,             0.64647,            0.034002,            0.022831,           0.0036886,            0.007228,            0.007228,            0.007228
                  58,            0.038201,            0.037956,           0.0077327,              0.8646,             0.89662,             0.93111,             0.66395,            0.033629,            0.022719,           0.0037009,           0.0071785,           0.0071785,           0.0071785
                  59,            0.036922,            0.038419,           0.0070644,             0.87498,             0.88103,             0.92891,             0.67155,            0.033322,            0.022718,           0.0036478,            0.007129,            0.007129,            0.007129
                  60,             0.03935,            0.045291,           0.0074738,             0.83107,             0.87649,             0.92703,             0.65574,            0.033164,            0.022752,           0.0036538,           0.0070795,           0.0070795,           0.0070795
                  61,            0.036791,            0.038734,            0.007289,             0.82698,              0.8927,             0.92605,             0.64698,            0.033531,            0.022735,           0.0036556,             0.00703,             0.00703,             0.00703
                  62,            0.039226,            0.040525,           0.0081489,             0.83565,             0.88138,             0.92629,             0.64538,            0.033725,            0.022666,           0.0035858,           0.0069805,           0.0069805,           0.0069805
                  63,            0.038018,            0.036448,           0.0070434,             0.85711,              0.8738,             0.93374,             0.65577,            0.033172,            0.022727,           0.0035748,            0.006931,            0.006931,            0.006931
                  64,            0.039612,            0.039841,           0.0078024,             0.90571,             0.88341,             0.93593,             0.65578,            0.032766,            0.022497,           0.0034881,           0.0068815,           0.0068815,           0.0068815
                  65,            0.035801,             0.03984,           0.0080881,             0.91206,             0.85463,             0.93101,             0.67472,            0.033286,            0.022503,           0.0034505,            0.006832,            0.006832,            0.006832
                  66,            0.038508,            0.042751,           0.0069158,             0.89324,             0.88108,             0.93767,             0.67166,            0.031415,            0.022363,           0.0034431,           0.0067825,           0.0067825,           0.0067825
                  67,            0.036501,            0.041762,           0.0069542,              0.9164,             0.86667,             0.93251,             0.67053,            0.031651,            0.022147,            0.003384,            0.006733,            0.006733,            0.006733
                  68,            0.036604,             0.03795,           0.0069568,             0.91094,             0.87049,             0.92966,             0.65002,            0.032661,            0.022202,           0.0033813,           0.0066835,           0.0066835,           0.0066835
                  69,            0.037182,            0.042846,           0.0064155,             0.87918,             0.88939,             0.93126,             0.65754,            0.031506,            0.021934,           0.0033849,            0.006634,            0.006634,            0.006634
                  70,            0.035512,            0.042891,           0.0070595,             0.84985,             0.89593,             0.93535,              0.6669,            0.031575,             0.02185,           0.0033739,           0.0065845,           0.0065845,           0.0065845
                  71,            0.036793,            0.043063,           0.0064308,             0.87716,             0.87801,             0.92711,             0.66523,            0.031288,            0.021478,           0.0033472,            0.006535,            0.006535,            0.006535
                  72,            0.037054,            0.042947,            0.006284,             0.88155,             0.89225,             0.93552,             0.68218,            0.031054,            0.021219,           0.0033114,           0.0064855,           0.0064855,           0.0064855
                  73,            0.036926,            0.040986,           0.0075909,             0.84022,             0.92095,              0.9382,             0.67103,             0.03113,            0.021317,           0.0033171,            0.006436,            0.006436,            0.006436
                  74,             0.03585,            0.039572,           0.0071238,             0.89275,             0.88105,             0.93177,             0.67986,            0.031076,             0.02095,           0.0032877,           0.0063865,           0.0063865,           0.0063865
                  75,            0.035515,            0.044534,           0.0067747,             0.89448,             0.87396,             0.93507,             0.68281,            0.031798,            0.021097,           0.0032874,            0.006337,            0.006337,            0.006337
                  76,            0.035198,              0.0392,           0.0068086,              0.8788,             0.92596,             0.94563,             0.70105,            0.029271,            0.020939,           0.0033271,           0.0062875,           0.0062875,           0.0062875
                  77,            0.034693,            0.039908,           0.0075082,              0.8887,             0.91202,              0.9453,             0.69021,            0.030243,            0.021012,           0.0033251,            0.006238,            0.006238,            0.006238
                  78,            0.033922,            0.037926,           0.0066001,             0.88073,             0.91357,             0.94226,             0.68741,            0.030178,            0.020957,           0.0033087,           0.0061885,           0.0061885,           0.0061885
                  79,            0.035168,             0.03398,            0.006718,             0.90064,             0.90679,             0.94434,             0.67899,            0.029647,            0.020965,           0.0033001,            0.006139,            0.006139,            0.006139
                  80,            0.031617,            0.035419,           0.0066368,             0.86631,             0.89621,             0.94034,             0.67529,            0.033353,            0.021291,            0.003278,           0.0060895,           0.0060895,           0.0060895
                  81,            0.035535,            0.037938,           0.0062548,             0.88535,             0.90326,             0.94627,             0.69762,            0.030374,             0.02072,           0.0032406,             0.00604,             0.00604,             0.00604
                  82,            0.034915,            0.039434,           0.0063781,             0.86899,             0.90473,             0.94434,             0.68285,            0.030581,            0.021011,           0.0031976,           0.0059905,           0.0059905,           0.0059905
                  83,            0.034651,            0.039969,           0.0064262,             0.84402,             0.89885,              0.9423,             0.71402,            0.030359,            0.020884,           0.0032163,            0.005941,            0.005941,            0.005941
                  84,            0.034207,            0.038784,           0.0067311,             0.88731,             0.90054,             0.95154,             0.69736,            0.030954,            0.020951,           0.0031878,           0.0058915,           0.0058915,           0.0058915
                  85,            0.034973,            0.035872,           0.0066478,             0.88968,             0.90903,             0.95485,             0.72115,            0.030321,            0.020945,           0.0031911,            0.005842,            0.005842,            0.005842
                  86,            0.033746,            0.037145,           0.0069693,             0.87602,              0.9296,             0.95672,             0.72877,            0.029279,            0.020838,           0.0031389,           0.0057925,           0.0057925,           0.0057925
                  87,            0.034117,            0.041329,           0.0065122,             0.88138,             0.92724,             0.95016,             0.72562,            0.029762,            0.020738,           0.0030818,            0.005743,            0.005743,            0.005743
                  88,            0.035164,            0.038898,           0.0064644,             0.87854,             0.93622,             0.95904,             0.71058,            0.029553,            0.020477,            0.003052,           0.0056935,           0.0056935,           0.0056935
                  89,            0.033464,            0.040499,           0.0064567,             0.88021,              0.9307,             0.94948,             0.70888,            0.029267,             0.02038,           0.0029892,            0.005644,            0.005644,            0.005644
                  90,            0.036405,            0.037193,           0.0060678,             0.88881,             0.93399,             0.95285,             0.71797,            0.029094,            0.020447,           0.0029737,           0.0055945,           0.0055945,           0.0055945
                  91,            0.034097,            0.039764,           0.0062009,             0.86371,             0.92384,             0.94991,             0.71161,            0.029563,            0.020191,           0.0029584,            0.005545,            0.005545,            0.005545
                  92,             0.03508,            0.038929,           0.0056404,             0.87413,             0.91628,             0.95055,             0.67089,            0.030742,             0.02056,           0.0029435,           0.0054955,           0.0054955,           0.0054955
                  93,            0.034673,            0.037511,           0.0058385,             0.90112,             0.90652,             0.94823,              0.6989,             0.02976,            0.020244,           0.0029721,            0.005446,            0.005446,            0.005446
                  94,            0.033154,            0.033734,           0.0060283,             0.88115,             0.91314,             0.94761,             0.68442,            0.030077,            0.020369,           0.0029804,           0.0053965,           0.0053965,           0.0053965
                  95,            0.033744,            0.034218,           0.0062936,             0.89227,             0.91327,             0.94902,             0.71926,            0.028973,            0.020217,           0.0029933,            0.005347,            0.005347,            0.005347
                  96,            0.033068,            0.036746,           0.0064106,             0.90125,             0.91978,             0.95579,             0.71411,            0.028617,            0.020181,           0.0029877,           0.0052975,           0.0052975,           0.0052975
                  97,            0.034069,            0.036587,           0.0064431,             0.91731,             0.91521,             0.95913,             0.72153,            0.028227,            0.019854,            0.003016,            0.005248,            0.005248,            0.005248
                  98,            0.032866,            0.036645,           0.0062033,              0.9143,             0.90469,             0.95814,             0.71043,            0.029505,            0.020028,           0.0029861,           0.0051985,           0.0051985,           0.0051985
                  99,            0.033161,            0.036735,           0.0060153,             0.91546,             0.91115,             0.96011,              0.7309,             0.02881,            0.019921,           0.0029695,            0.005149,            0.005149,            0.005149
                 100,            0.034052,             0.03868,           0.0061321,             0.89995,             0.90926,             0.95399,             0.70713,            0.029008,            0.019851,           0.0029175,           0.0050995,           0.0050995,           0.0050995
                 101,            0.034412,            0.033068,           0.0060064,             0.89214,              0.9371,              0.9559,             0.69604,            0.029133,            0.020072,           0.0029041,             0.00505,             0.00505,             0.00505
                 102,            0.032609,            0.036842,            0.006012,             0.89918,             0.92657,             0.95376,             0.71001,            0.029188,            0.019805,            0.002905,           0.0050005,           0.0050005,           0.0050005
                 103,            0.033344,            0.033952,           0.0054808,             0.90729,             0.91623,             0.96257,             0.72415,            0.027573,            0.019421,           0.0028999,            0.004951,            0.004951,            0.004951
                 104,            0.032444,            0.035352,           0.0059456,             0.90576,             0.92439,             0.96205,             0.70631,            0.028465,            0.019588,           0.0029094,           0.0049015,           0.0049015,           0.0049015
                 105,            0.033073,            0.038033,            0.006625,             0.91592,             0.92036,             0.96442,             0.71963,            0.027137,            0.019322,           0.0028757,            0.004852,            0.004852,            0.004852
                 106,            0.032288,            0.034292,            0.006122,             0.91837,              0.9267,              0.9613,             0.72584,            0.026703,            0.019252,           0.0028224,           0.0048025,           0.0048025,           0.0048025
                 107,            0.032207,            0.040482,           0.0053388,             0.91343,             0.92874,             0.96212,             0.73013,            0.028371,            0.019276,            0.002757,            0.004753,            0.004753,            0.004753
                 108,             0.03187,            0.037297,           0.0059997,             0.93131,              0.9257,             0.96529,             0.74058,            0.026851,            0.019134,           0.0027162,           0.0047035,           0.0047035,           0.0047035
                 109,            0.032382,            0.036452,           0.0062279,             0.93035,             0.92128,             0.96658,             0.73297,            0.027601,            0.018975,           0.0026877,            0.004654,            0.004654,            0.004654
                 110,            0.031981,            0.038902,           0.0057479,             0.92348,             0.92823,             0.96534,             0.73329,            0.027715,            0.018976,           0.0026942,           0.0046045,           0.0046045,           0.0046045
                 111,            0.030531,            0.035285,           0.0054677,             0.92697,             0.92254,             0.96634,             0.74265,            0.027278,             0.01885,           0.0027137,            0.004555,            0.004555,            0.004555
                 112,            0.033038,            0.035197,           0.0054067,             0.92432,             0.91922,             0.96582,             0.73023,            0.027809,            0.018954,           0.0026948,           0.0045055,           0.0045055,           0.0045055
                 113,            0.031776,            0.034472,           0.0050536,             0.90413,             0.92689,             0.96501,             0.71916,             0.02723,            0.018987,           0.0026832,            0.004456,            0.004456,            0.004456
                 114,            0.031268,            0.033858,           0.0055296,             0.88748,             0.93583,             0.96431,             0.73426,            0.026733,             0.01896,           0.0026641,           0.0044065,           0.0044065,           0.0044065
                 115,             0.03091,            0.033235,           0.0057565,             0.90195,             0.93759,             0.96764,              0.7492,            0.026429,            0.018835,           0.0026747,            0.004357,            0.004357,            0.004357
                 116,            0.032079,            0.033484,           0.0053079,             0.91026,             0.93462,             0.96839,             0.74429,            0.026505,            0.018897,           0.0026736,           0.0043075,           0.0043075,           0.0043075
                 117,            0.031209,            0.035619,           0.0049773,             0.91509,             0.93089,             0.96781,             0.73676,            0.027089,            0.019029,           0.0026587,            0.004258,            0.004258,            0.004258
                 118,            0.029941,            0.030246,           0.0059424,             0.91578,             0.92332,             0.96615,             0.75022,            0.026311,            0.018767,           0.0026739,           0.0042085,           0.0042085,           0.0042085
                 119,            0.031416,            0.037383,           0.0058556,             0.91792,             0.91549,             0.96569,              0.7299,            0.026528,            0.018717,           0.0026588,            0.004159,            0.004159,            0.004159
                 120,            0.032493,            0.040577,           0.0057715,              0.9203,             0.91769,             0.95754,             0.74673,            0.026001,            0.018672,           0.0026412,           0.0041095,           0.0041095,           0.0041095
                 121,            0.031411,            0.032651,           0.0057033,             0.91781,             0.92889,             0.96106,             0.75325,            0.025328,            0.018435,           0.0026203,             0.00406,             0.00406,             0.00406
                 122,            0.029931,            0.034843,           0.0052764,             0.91047,             0.92361,              0.9569,             0.74991,            0.025859,            0.018377,           0.0025856,           0.0040105,           0.0040105,           0.0040105
                 123,            0.030269,            0.033153,           0.0051572,             0.91662,             0.92108,             0.95772,             0.74076,            0.026154,            0.018366,           0.0025696,            0.003961,            0.003961,            0.003961
                 124,            0.030107,            0.033086,           0.0052297,             0.91993,             0.92054,             0.96071,             0.75039,            0.025809,            0.018384,           0.0025311,           0.0039115,           0.0039115,           0.0039115
                 125,            0.032018,            0.036063,           0.0057684,             0.90852,             0.93009,             0.96214,             0.76074,            0.025058,            0.018188,           0.0025061,            0.003862,            0.003862,            0.003862
                 126,            0.030079,            0.034214,           0.0053948,             0.90636,             0.93365,             0.95973,             0.76317,            0.025337,            0.018253,           0.0024978,           0.0038125,           0.0038125,           0.0038125
                 127,            0.030056,            0.033083,           0.0053511,              0.8969,              0.9405,             0.95999,             0.76264,            0.024862,            0.018081,           0.0024819,            0.003763,            0.003763,            0.003763
                 128,            0.030599,            0.034441,           0.0053266,             0.94202,             0.90771,             0.96125,             0.75799,             0.02537,            0.018182,           0.0024649,           0.0037135,           0.0037135,           0.0037135
                 129,            0.030661,            0.033037,           0.0055453,             0.94144,             0.90666,             0.96056,             0.76121,            0.024865,            0.017967,           0.0024594,            0.003664,            0.003664,            0.003664
                 130,            0.030249,            0.036184,           0.0049807,             0.94003,             0.90779,              0.9581,             0.75574,            0.024608,             0.01786,           0.0024434,           0.0036145,           0.0036145,           0.0036145
                 131,            0.030601,            0.034803,           0.0053498,             0.93475,             0.91042,             0.95889,              0.7655,            0.024694,            0.017771,           0.0024426,            0.003565,            0.003565,            0.003565
                 132,            0.030267,            0.033681,           0.0054494,             0.90631,               0.946,             0.96313,             0.75958,            0.024649,            0.017714,           0.0024384,           0.0035155,           0.0035155,           0.0035155
                 133,            0.028947,            0.035473,           0.0056347,             0.90476,              0.9449,             0.96751,             0.76248,            0.024541,            0.017701,           0.0023971,            0.003466,            0.003466,            0.003466
                 134,            0.029101,            0.035042,           0.0052883,              0.9025,              0.9478,              0.9664,              0.7637,            0.024556,             0.01768,           0.0023905,           0.0034165,           0.0034165,           0.0034165
                 135,            0.028774,            0.034116,           0.0050862,             0.90916,             0.94493,             0.96831,             0.77885,             0.02462,            0.017705,            0.002388,            0.003367,            0.003367,            0.003367
                 136,            0.028634,            0.032602,           0.0051536,             0.90746,             0.94366,             0.96783,             0.77677,            0.024463,            0.017612,           0.0023608,           0.0033175,           0.0033175,           0.0033175
                 137,            0.029338,            0.034742,           0.0050881,             0.91775,             0.93251,             0.96828,             0.77776,            0.023908,            0.017509,           0.0023372,            0.003268,            0.003268,            0.003268
                 138,            0.029013,            0.033433,           0.0050737,              0.9246,             0.93048,             0.96858,             0.78526,            0.023998,            0.017447,           0.0023122,           0.0032185,           0.0032185,           0.0032185
                 139,            0.029034,            0.032445,           0.0053329,             0.92916,             0.92843,             0.96961,             0.78897,            0.023471,            0.017424,           0.0022973,            0.003169,            0.003169,            0.003169
                 140,            0.029157,            0.033377,           0.0057683,             0.92025,             0.93523,             0.97008,             0.78148,             0.02415,            0.017426,           0.0022731,           0.0031195,           0.0031195,           0.0031195
                 141,            0.031079,            0.033338,           0.0052189,             0.90679,             0.93971,             0.96974,             0.77797,            0.024074,            0.017406,           0.0022633,             0.00307,             0.00307,             0.00307
                 142,            0.028155,            0.034055,           0.0052894,             0.89408,             0.94328,             0.96638,             0.77104,            0.024012,            0.017315,           0.0022542,           0.0030205,           0.0030205,           0.0030205
                 143,            0.030257,             0.03095,           0.0051002,             0.90931,             0.94173,             0.96693,             0.76934,            0.024205,            0.017478,           0.0022367,            0.002971,            0.002971,            0.002971
                 144,            0.030255,            0.032733,           0.0054587,             0.91296,             0.94057,             0.96678,             0.77236,            0.024115,             0.01745,           0.0022334,           0.0029215,           0.0029215,           0.0029215
                 145,            0.030563,            0.031802,           0.0050355,             0.91457,             0.94188,             0.96663,             0.76234,            0.024715,             0.01757,           0.0022243,            0.002872,            0.002872,            0.002872
                 146,            0.030251,               0.032,           0.0046534,             0.91832,             0.93909,             0.96983,             0.78223,            0.023787,            0.017457,           0.0022117,           0.0028225,           0.0028225,           0.0028225
                 147,            0.028683,             0.03231,           0.0049633,             0.91465,              0.9439,             0.96659,             0.78367,            0.023682,            0.017405,            0.002204,            0.002773,            0.002773,            0.002773
                 148,            0.028811,             0.03423,           0.0054634,             0.91574,             0.94463,             0.96912,             0.78371,            0.023305,            0.017139,           0.0021878,           0.0027235,           0.0027235,           0.0027235
                 149,            0.028064,            0.035516,           0.0046403,             0.90089,             0.94581,             0.96888,             0.77971,            0.023896,            0.017264,           0.0021729,            0.002674,            0.002674,            0.002674
                 150,            0.030045,            0.035282,           0.0048623,             0.90042,             0.94858,             0.96883,             0.77639,            0.023779,            0.017212,           0.0021626,           0.0026245,           0.0026245,           0.0026245
                 151,            0.028887,            0.032719,            0.004719,             0.89547,             0.94969,             0.96892,             0.78914,            0.023544,            0.017129,           0.0021527,            0.002575,            0.002575,            0.002575
                 152,            0.027467,             0.03181,           0.0044593,             0.89551,             0.95452,             0.96924,             0.79102,            0.023398,            0.016996,           0.0021337,           0.0025255,           0.0025255,           0.0025255
                 153,            0.026927,            0.032769,           0.0046436,             0.89147,             0.95392,             0.96674,             0.77684,            0.023465,             0.01694,           0.0021061,            0.002476,            0.002476,            0.002476
                 154,            0.028999,            0.035475,           0.0056784,             0.89628,             0.95504,             0.96756,             0.78666,            0.023049,            0.016894,           0.0020975,           0.0024265,           0.0024265,           0.0024265
                 155,            0.028436,             0.03358,           0.0047741,             0.89755,              0.9585,             0.96751,             0.79045,            0.022743,             0.01672,           0.0020964,            0.002377,            0.002377,            0.002377
                 156,            0.027681,            0.033685,           0.0042802,             0.89235,             0.95572,             0.96745,             0.78734,            0.023055,            0.016699,           0.0020957,           0.0023275,           0.0023275,           0.0023275
                 157,            0.027343,            0.030629,           0.0050833,             0.90434,             0.95714,             0.96772,             0.79238,            0.022361,            0.016526,           0.0020831,            0.002278,            0.002278,            0.002278
                 158,            0.028569,            0.034942,           0.0044913,             0.90395,             0.95492,             0.96623,             0.78969,            0.022896,            0.016636,           0.0020642,           0.0022285,           0.0022285,           0.0022285
                 159,            0.026531,            0.032055,           0.0050711,             0.90684,             0.95572,             0.96785,             0.79516,            0.022104,            0.016467,           0.0020483,            0.002179,            0.002179,            0.002179
                 160,            0.026335,            0.031845,           0.0041316,             0.90568,             0.95794,             0.96937,             0.79314,             0.02261,            0.016634,           0.0020412,           0.0021295,           0.0021295,           0.0021295
                 161,            0.025462,            0.031837,           0.0044023,             0.90256,             0.95305,             0.96929,             0.78707,            0.022345,            0.016554,           0.0020337,             0.00208,             0.00208,             0.00208
                 162,            0.027206,            0.030897,            0.004328,              0.9089,             0.95058,             0.96806,             0.79275,            0.021896,            0.016428,           0.0020345,           0.0020305,           0.0020305,           0.0020305
                 163,            0.027241,            0.031048,            0.004741,             0.90322,             0.95365,             0.96749,             0.79886,            0.021609,            0.016319,           0.0020179,            0.001981,            0.001981,            0.001981
                 164,            0.026813,            0.033256,           0.0046247,             0.90704,             0.95437,             0.96783,             0.79509,            0.021966,             0.01646,           0.0019947,           0.0019315,           0.0019315,           0.0019315
                 165,            0.028297,            0.032838,           0.0048867,             0.91256,             0.95314,             0.96787,              0.8027,            0.021626,            0.016373,            0.001989,            0.001882,            0.001882,            0.001882
                 166,            0.026646,            0.030512,           0.0040822,             0.91898,             0.95176,             0.96801,             0.81128,            0.021411,            0.016307,           0.0019895,           0.0018325,           0.0018325,           0.0018325
                 167,            0.027358,             0.03401,           0.0048428,             0.92467,              0.9489,             0.96757,              0.8089,            0.021389,            0.016324,           0.0019867,            0.001783,            0.001783,            0.001783
                 168,            0.026416,            0.035563,           0.0043769,             0.92574,             0.95081,             0.96953,             0.80736,            0.021461,            0.016287,           0.0019783,           0.0017335,           0.0017335,           0.0017335
                 169,            0.026848,            0.033665,           0.0046027,             0.91965,             0.95277,             0.96869,             0.80483,            0.021321,            0.016159,           0.0019608,            0.001684,            0.001684,            0.001684
                 170,            0.027779,            0.032841,           0.0044481,             0.91981,             0.95264,             0.96963,             0.81151,            0.021126,            0.016011,           0.0019398,           0.0016345,           0.0016345,           0.0016345
                 171,            0.026862,            0.033231,           0.0044234,             0.92217,             0.95113,             0.96979,             0.81301,            0.020945,            0.015922,            0.001927,            0.001585,            0.001585,            0.001585
                 172,              0.0274,            0.030897,           0.0044871,             0.92327,             0.94851,             0.97088,              0.8114,            0.021128,             0.01593,           0.0019167,           0.0015355,           0.0015355,           0.0015355
                 173,            0.027502,            0.032043,           0.0041022,             0.92315,             0.94397,             0.96818,             0.80478,            0.021619,            0.016044,           0.0019093,            0.001486,            0.001486,            0.001486
                 174,            0.026575,            0.032058,           0.0043513,             0.92374,             0.94363,             0.96997,             0.81281,            0.020901,            0.015873,           0.0018967,           0.0014365,           0.0014365,           0.0014365
                 175,            0.025872,            0.031297,           0.0041814,             0.92613,             0.94096,             0.96963,             0.81559,            0.020939,            0.015914,           0.0018816,            0.001387,            0.001387,            0.001387
                 176,            0.026557,            0.028549,           0.0040449,             0.93124,             0.94007,             0.96976,             0.81263,            0.021154,            0.015949,           0.0018749,           0.0013375,           0.0013375,           0.0013375
                 177,            0.027036,            0.032101,           0.0045244,              0.9344,             0.93764,             0.96837,             0.82033,            0.020662,            0.015808,           0.0018612,            0.001288,            0.001288,            0.001288
                 178,            0.024364,            0.028616,             0.00345,             0.93761,              0.9377,             0.96863,              0.8134,             0.02079,            0.015773,            0.001855,           0.0012385,           0.0012385,           0.0012385
                 179,            0.025329,             0.03162,            0.004179,             0.93426,             0.94032,              0.9693,             0.81846,             0.02055,             0.01572,           0.0018517,            0.001189,            0.001189,            0.001189
                 180,            0.025607,            0.030199,           0.0042518,             0.93627,             0.94062,             0.96859,              0.8171,            0.020552,            0.015793,           0.0018526,           0.0011395,           0.0011395,           0.0011395
                 181,            0.026016,            0.032734,           0.0042923,             0.93257,             0.94231,             0.96899,             0.81853,            0.020698,            0.015759,            0.001848,             0.00109,             0.00109,             0.00109
                 182,            0.026322,            0.033036,           0.0038927,             0.93041,             0.94272,             0.97076,             0.82306,            0.020446,             0.01564,           0.0018442,           0.0010405,           0.0010405,           0.0010405
                 183,            0.025979,             0.03135,           0.0039273,             0.92652,             0.94347,              0.9703,              0.8211,            0.020431,            0.015586,           0.0018388,            0.000991,            0.000991,            0.000991
                 184,            0.025853,            0.030446,           0.0040564,             0.93168,             0.94168,             0.97082,             0.82142,            0.020331,            0.015552,           0.0018366,           0.0009415,           0.0009415,           0.0009415
                 185,             0.02549,            0.032425,            0.004144,             0.92992,             0.94307,             0.97044,             0.81968,            0.020378,            0.015505,           0.0018268,            0.000892,            0.000892,            0.000892
                 186,            0.027173,              0.0335,           0.0044987,             0.92893,             0.94561,              0.9708,             0.82187,            0.020256,            0.015423,           0.0018186,           0.0008425,           0.0008425,           0.0008425
                 187,            0.025664,            0.030007,            0.003954,             0.92805,             0.94623,             0.97049,             0.82419,            0.020174,            0.015385,           0.0018063,            0.000793,            0.000793,            0.000793
                 188,             0.02443,            0.028373,           0.0040557,              0.9258,             0.94557,             0.97008,             0.82638,            0.020035,            0.015338,           0.0017926,           0.0007435,           0.0007435,           0.0007435
                 189,            0.024866,            0.030342,           0.0040176,             0.92343,             0.94635,             0.96964,             0.82709,             0.01998,            0.015312,           0.0017791,            0.000694,            0.000694,            0.000694
                 190,            0.025988,            0.031417,           0.0047402,             0.92012,             0.94899,             0.96886,             0.83082,            0.019962,            0.015303,           0.0017678,           0.0006445,           0.0006445,           0.0006445
                 191,            0.024486,            0.030331,           0.0036708,             0.92117,              0.9506,             0.96946,             0.83349,            0.019885,            0.015267,           0.0017565,            0.000595,            0.000595,            0.000595
                 192,            0.024396,            0.027909,           0.0037891,             0.91867,             0.94751,              0.9676,             0.83427,             0.01988,            0.015248,           0.0017484,           0.0005455,           0.0005455,           0.0005455
                 193,            0.024292,            0.030414,           0.0038287,             0.92294,             0.94549,             0.96774,             0.83572,            0.019731,            0.015187,           0.0017413,            0.000496,            0.000496,            0.000496
                 194,            0.024231,            0.027036,           0.0044387,             0.93115,             0.94543,             0.97066,             0.83264,            0.019706,            0.015213,           0.0017352,           0.0004465,           0.0004465,           0.0004465
                 195,            0.027158,            0.031788,           0.0043768,             0.93143,             0.94158,             0.97037,             0.83413,            0.019809,             0.01522,           0.0017305,            0.000397,            0.000397,            0.000397
                 196,            0.023853,            0.028914,           0.0037092,             0.93028,             0.93799,             0.96952,             0.83443,            0.019703,            0.015172,           0.0017233,           0.0003475,           0.0003475,           0.0003475
                 197,            0.025016,            0.030204,           0.0041084,             0.93223,             0.94051,             0.96995,             0.83353,            0.019599,            0.015121,           0.0017203,            0.000298,            0.000298,            0.000298
                 198,            0.023912,             0.02779,           0.0037685,             0.93339,             0.94015,             0.97049,             0.83507,            0.019624,            0.015124,            0.001716,           0.0002485,           0.0002485,           0.0002485
                 199,            0.024005,            0.028915,           0.0040209,             0.93267,             0.93955,             0.97076,             0.83431,            0.019621,            0.015117,           0.0017126,            0.000199,            0.000199,            0.000199
